id,target
SOY_1b36aa9947bb30,2805.667590988563
SOY_ec152fd299bfd1,2536.830502756502
SOY_3dc85090433867,2904.9043839230776
SOY_5c8050d8968502,2581.638071357429
SOY_32fdfdecff1522,2895.2167030958426
SOY_b28352b3c072e0,2882.633618791209
SOY_0d205c4633efba,2893.127363322422
SOY_8cac19bbe95239,2528.5324613899243
SOY_1fe2d071f4b30d,3024.0072424492864
SOY_e119e7911a7343,2924.180634698288
SOY_a5979d5f51dca6,3012.7557012225234
SOY_f109f0fe8bda00,3009.8811238046624
SOY_aeef3bb49228d7,2658.31810865534
SOY_cb930833752728,3032.0119455853846
SOY_9c82ed6d9bde52,3001.129563761735
SOY_f1bddb2260e6e6,2985.8450051023888
SOY_25fa29a8a49d90,2982.266936307013
SOY_1e60bf40bad5a0,2983.9926948899383
SOY_afeb429362465d,2644.9059376157447
SOY_863df6f1a59acc,2810.7028571767996
SOY_4b674ce68f72a0,2632.5162423857464
SOY_0e4df7fcb3b5d5,2690.787947102691
SOY_f3faf774a46452,2457.3665966027706
SOY_a5136e3f561b06,2500.3811129337737
SOY_94c9553f323c72,2787.5861519345863
SOY_5642eb2a185957,2807.6928830810457
SOY_078437eff5ca95,2736.5951679427903
SOY_7bcb82cd4f76cd,2646.2179340333305
SOY_52c6a61eedf273,2460.9387662917625
SOY_b29dc67c0db540,2750.3395744982895
SOY_23682955cd56cc,2285.4343433520526
SOY_a969bfca3630e0,2226.3322483592724
SOY_5d497c515dd1c1,2318.968593010729
SOY_a3078335b3bd42,2237.547156518951
SOY_17021ffbc27c29,2303.1505248150065
SOY_67163b1870a6a4,2255.422608091663
SOY_42b3e855112e7e,2326.8368185563104
SOY_c72c8ff00e0d34,2232.8690057284107
SOY_9557a2e6863ccc,2383.71660886855
SOY_e0a87dedcd28b0,2210.8150042051375
SOY_760cff8ad83424,2390.8483658542295
SOY_bc1f3d45fe441c,2389.750759653321
SOY_99219573134fa6,2262.1885262756123
SOY_02b59f54fa38b8,2427.8611584060927
SOY_da45ec3246dbac,2394.846061993825
SOY_b50c65e77bec03,2384.9490889901153
SOY_cc518c48c95c40,2382.1030995320198
SOY_7b2612ec8aa7de,2367.6340179180684
SOY_d675460cf72824,2289.1485348387146
SOY_a89c663ea94d13,2333.210399781502
SOY_3915c8c51b7f22,2298.7723996614495
SOY_6779753deadc11,2334.0731850836464
SOY_e2d9e39809c912,2233.240907314328
SOY_c66f3920e1be90,2240.579463686033
SOY_935e914a32c839,2190.565613825185
SOY_3f7dcbec2004f4,2381.476708472088
SOY_678f4b048984d7,2400.3165552510136
SOY_130bb2087e2364,2313.521702442814
SOY_d1dd1efe475143,2233.004591304239
SOY_df964d28b0b900,2336.078533176974
SOY_b617cd0fd3b0ca,2353.898456603234
SOY_ea0d49c0a913a3,2251.1564032615875
SOY_aa6e1019f9eafe,2407.7097611878644
SOY_550d85555d6891,2263.6088279441615
SOY_0d990601cf7e5d,2391.252404935161
SOY_db91632b8a9ecb,2367.6464545378744
SOY_892fa83377ed8b,2386.2732409776117
SOY_4a96e6e603067e,2252.8033260379457
SOY_a341dc7c47d684,2499.1133026398124
SOY_083aee65e646b6,2463.078844687705
SOY_0610bc22b70159,2508.204589639591
SOY_ce4aba7af49392,2506.574565849184
SOY_65232a15928c30,2328.424887575585
SOY_89354ee8d83795,2503.0149674633058
SOY_d135c6d9ca534d,2497.30863611407
SOY_f9aa3bbde49ac5,2473.1222144035846
SOY_3f77a007fdf5ff,2498.532417063328
SOY_0ddd851e227cb0,2488.7694566665923
SOY_9c490f42bd0345,2335.504952075954
SOY_b4575c018c0f4e,2403.379183152521
SOY_f731e62a2d4f3d,2304.926925559924
SOY_ea8f57c828a504,2336.7906604137925
SOY_7f5ea8e19aa024,2203.718400076129
SOY_9f2523d6f2676a,2212.0947014810013
SOY_9cb5c4c81024f0,2373.3433299933226
SOY_61712cdb8c3dd8,2385.8443473632688
SOY_4803eab8329b58,2376.0749029086505
SOY_a382bd4e04b00a,2318.6345121192944
SOY_7522411d97b15b,2205.5726579338425
SOY_8e70c83681a15c,2353.6147940927403
SOY_444129447a1e4f,3194.1809996360107
SOY_d97d08685179ce,2983.7805127076863
SOY_26b48055d35687,3294.034863022701
SOY_b707dd3d3eaf7a,3003.5539816401283
SOY_d59f5e780bc586,3273.9212415911315
SOY_1e3d59e5d450f7,3239.501826292052
SOY_c66d89adbeb674,3265.0906558962106
SOY_a7d36d5ca82e6c,2970.009617898606
SOY_8d219485745d21,3419.968508528853
SOY_3ded372013ee05,3313.735804407096
SOY_7dc8e7e485e520,3409.725227149164
SOY_ed6293a377a36b,3406.1012496512376
SOY_55bf094593721f,3065.5052877953
SOY_4b5535a040ee56,3419.445375774162
SOY_c64bf62b3b9dcd,3400.266666276022
SOY_5ad7489f423999,3374.7509470688315
SOY_12434e7e8ac58d,3388.0310393965237
SOY_9aef5cb388809b,3384.4447637931735
SOY_09946455cb0831,3082.046223502562
SOY_ab37063fbe5de9,3227.1161979812955
SOY_ce1a0bb830324d,3013.50897028931
SOY_b707b7c7d8675d,3067.7912066331737
SOY_ba50710a72c59c,2830.9642738927005
SOY_6fbde50c7fbc87,2819.0717730130364
SOY_cddc38eff78e4e,3153.416920650009
SOY_c0378fb95930f6,3156.114496667092
SOY_be1dd23fa41ed3,3101.6468942606166
SOY_8216a592eb50c6,3011.5844229977465
SOY_f45a0c2af88ab8,2844.302059166137
SOY_8a0be01fa2d127,3141.512349690186
SOY_c6dba608332d5c,3083.7317481258715
SOY_fef60e234f53b0,2767.6558102171857
SOY_ecf1733fdc8535,3195.9488367569415
SOY_e552ed7c981589,2822.800860674705
SOY_ef2d5b89db469d,3183.132593597314
SOY_8823e6b25a7a4b,3167.290562118734
SOY_3f335f6c05bc91,3179.9212531175467
SOY_958cd40606b0af,2750.0147881766034
SOY_8f119538230062,3321.796544988471
SOY_66bee15fc665c6,3219.030493303688
SOY_cace77fe6bb788,3310.8609757466397
SOY_b173fb5d99ae19,3304.203506695797
SOY_74b20a7c00f8cb,2903.281613145771
SOY_2ffc622d3380b3,3327.405652724302
SOY_c1d6659bf0b246,3302.460999896267
SOY_b3231d0ab1a4c4,3276.7797655007994
SOY_c7fd5b04675b45,3263.900806284488
SOY_5106b2c276156e,3268.581894994459
SOY_827c279085f7cb,2893.7746055420994
SOY_d9aaa35888c118,3076.0878254004674
SOY_a25f0b77dc9ed9,2894.8706493268232
SOY_083733ad440744,2972.1091106717186
SOY_dc9776ccb51d16,2707.7598590678067
SOY_bbd9c7a6a3ba1d,2747.8802746652573
SOY_8efc10f8bbb186,3070.5796830820423
SOY_eceb4b3b19bba1,3082.8817992195777
SOY_08053473a0801e,3021.530888685903
SOY_2a6fcc55bd13d7,2915.025362823008
SOY_5832b754a70a2b,2712.858591494108
SOY_243b04d5a31408,3038.0274346830583
SOY_11e6c91b034ab4,3554.8205357978086
SOY_ef73c46b9fc923,3189.5520891519955
SOY_8ceb9ec712b033,3671.6075062776604
SOY_969cf5ad58d669,3282.818977455984
SOY_f92672a351a2cf,3640.889994650349
SOY_e67c3c1f367e56,3604.6434230077152
SOY_2e5e5497905407,3640.7820058345
SOY_632b74adf9881c,3181.7528314945102
SOY_425656e138e3e4,3796.2793949600946
SOY_ee4cc972e8e822,3662.5155099373037
SOY_063194e0245bb2,3785.756277094045
SOY_399e315fa6418c,3782.254819385345
SOY_3f01af2dbefad3,3307.3421967789163
SOY_22c5fe44788210,3764.5569693482867
SOY_90f6cc8e751dd8,3780.843289806232
SOY_9331e1877bd0ac,3753.2735376043347
SOY_6964928411424e,3751.6968365514426
SOY_2bc909d22371d1,3757.6984359069947
SOY_76d31d6d1586cc,3320.4475322632247
SOY_e4d0ceaa7c3b3b,3548.6817957352273
SOY_9ca908cf2e62b5,3341.4687292731837
SOY_1b72c37a032dc9,3424.6155957758388
SOY_7b9eb22730f163,3103.0388966995274
SOY_3dbc2e4057afa4,3127.134249756774
SOY_be5874e05e896f,3532.741871612512
SOY_49781c00dc57e8,3525.5837845442375
SOY_b2b087d8ed3c2d,3474.0888325590668
SOY_186f9f96bff653,3360.6399441327144
SOY_1e209922cff580,3108.346106297734
SOY_ec34973fcee4fa,3507.659469613436
SOY_3f97404ea2954b,1626.4494726468565
SOY_7326c1b2e8e382,1641.3524256717265
SOY_217202df163488,1630.0024616541564
SOY_d4f618df8fd1bb,1524.725331062005
SOY_1866a90a9e57a2,1568.1877211224253
SOY_8aa85b3aa51d7a,1536.568847181307
SOY_702bd5bd275d57,1540.1134255995848
SOY_ec02f5068556d3,1540.2556956461701
SOY_9ff44aaffb43b0,1574.038179192817
SOY_96df347e183561,1563.9693562617533
SOY_3279d97e067d6e,1574.779415148558
SOY_35dcb840c2b606,1516.9445988818975
SOY_42e23a14d25606,1521.303180566743
SOY_99a21e35e07863,1557.5613393885706
SOY_a752a9cb02301a,1525.6467204376218
SOY_3da4662d1823f8,1647.9806528673807
SOY_347ee9ebcc8b00,1581.2328019737183
SOY_28511a5514fa4d,1539.487664957598
SOY_7f6ec1f0c69bd0,1606.220381444879
SOY_75075634973480,1570.5705888620578
SOY_20669ff8a8e2a5,1590.848570108924
SOY_d2c615799d6dcb,1563.5742056469444
SOY_6c08b4f60e0502,1655.0280742172454
SOY_9a8ed38831d104,1618.422156668426
SOY_2a84f45b468aac,1594.3456099116888
SOY_d98683b65203d9,1547.920515514365
SOY_b2c2dac8fb6535,1595.2644690549873
SOY_3e552b4a04cfec,1645.8507468060232
SOY_70bf0c0f7861f3,1558.3811276087986
SOY_d01a49ec515bc7,1672.5458882261119
SOY_cb886e173fadec,1576.7583294242377
SOY_c96b60cfdd28ea,1573.6172140859387
SOY_680d765ddc318b,1580.633526467238
SOY_0da856375dd638,1332.7723258470746
SOY_e1bb6944b83c2b,1339.5164628222374
SOY_b6225f786cd517,1337.3099924941093
SOY_44a2ebc38c2ab3,1245.5755570749902
SOY_02f2363db32f3b,1279.490041941957
SOY_36766df2812d17,1255.4578010139603
SOY_ba6fd0fd2167e7,1259.0409836420065
SOY_4b9974fb4caf1f,1273.4316310062306
SOY_cbc8ce5c00dcf8,1279.9214093951587
SOY_2ca44e460240a4,1272.6300871667406
SOY_de0a553605f541,1294.5745609576045
SOY_94a2507843ca3e,1236.4299402917472
SOY_869c972372de9c,1246.2791277751523
SOY_b2de702f1f078b,1265.6454337941095
SOY_461b03e2299e50,1253.053991202693
SOY_37293d855a1f0b,1347.2948347411361
SOY_b123231b472ff1,1358.6523573924192
SOY_d90e04777a9a3c,1319.2999479971859
SOY_2557ebe513e92f,1317.4781490274038
SOY_2dc430a348403b,1300.2057948942954
SOY_2efa7ab6c35cc0,1351.0208515649413
SOY_1a6f241400252c,1331.1153938726509
SOY_e04126662056e4,1349.5173042436613
SOY_e1c1cda1b18d76,1328.9862056008653
SOY_07aadb99ddb115,1308.2454379523854
SOY_1699d7956c6b57,1272.860544724093
SOY_852a42876a4942,1308.3465894723836
SOY_acfeae57473dca,1437.979743322379
SOY_366c662e00cd07,1279.4642895759002
SOY_1a67b309631f09,1457.0173355824322
SOY_942686b4480937,1295.4789155841122
SOY_42405953074d2d,1309.5805299294216
SOY_a7280c138c88f3,1296.7660516235953
SOY_f6b50848c37192,1570.5647909740014
SOY_78d7b75e15b3d8,1576.8812448046408
SOY_115a7db0669cc5,1579.401181730616
SOY_12dd06c9ac9556,1472.8351380538152
SOY_dee4438ecfc5c7,1501.6591752765503
SOY_e1aa5c408213ab,1473.1049924625618
SOY_03ec028e5d9304,1474.6281818665805
SOY_8358c76ff96e68,1459.66435629986
SOY_b3eda953a9650f,1505.640423316821
SOY_dee7f9f42a338d,1489.358650479223
SOY_5c9d2b1d009561,1489.8880095940851
SOY_4906c7edd19507,1448.0248216092648
SOY_ebd8e8d214da4f,1458.965231771742
SOY_78eb56bb46455a,1484.307792685067
SOY_fdd9ae75b1f396,1446.8994718753672
SOY_20063232a2072b,1583.3578403538854
SOY_d324ecc3233c20,1515.8776030935621
SOY_5640e31a5422e5,1465.2263086617243
SOY_ede70d706514e1,1553.1676015383903
SOY_654b6bd9b83da5,1481.9177801351973
SOY_908bd64e7959e7,1512.8097224563662
SOY_ed356466b44be6,1492.6774699694665
SOY_3cc87b8440a4c7,1593.579051703133
SOY_6cf7bd465474a2,1563.7280916171164
SOY_92a41d0da03044,1526.6747992390367
SOY_14692803d59f04,1490.0898923919472
SOY_6cfefd28a3cf30,1525.7456757662678
SOY_db8f3a39515e46,1585.9748689005057
SOY_094cd6f57cd457,1497.0713688728847
SOY_e28f11cc89c456,1612.4038551729757
SOY_3fd00168bbfaa0,1513.1964954848672
SOY_8a6702a4a5b178,1487.3536021643242
SOY_03c8515f29091f,1518.1799906963884
SOY_863c1c6f120185,1942.1071980294828
SOY_373576d691145e,1955.8903551892033
SOY_095ae4a9c5bb45,1948.5698469684187
SOY_9ba651dbea398c,1798.3036701980136
SOY_be968c6a8ecd8c,1846.8915932361267
SOY_4e462e05599944,1800.3749078487122
SOY_eb056b9cb41eaa,1808.7104476313684
SOY_a495129f0f9eca,1799.9769544092255
SOY_aab48537a215ee,1855.1108755330813
SOY_cdb772aa9a5ba6,1837.828666311335
SOY_f47046d69cecbf,1842.357745957441
SOY_421166b4615329,1770.7704818137752
SOY_ba67b0643961a9,1791.049814395465
SOY_172c875bf185b1,1829.7899969559314
SOY_afb1f79361e127,1781.6436885863045
SOY_2be0dc0a1aec17,1966.375491519922
SOY_fd462bb5ec2f9b,1796.790007691363
SOY_aa1aefc547e36a,1747.6862209176848
SOY_7adfd95ef1d4cd,1919.367410866395
SOY_924b6271e09cd7,1774.913369726331
SOY_a313ba0b506ed4,1797.7435165687673
SOY_37b5f643d92eac,1769.2571766708188
SOY_e46a6382e39cda,1980.3054984537785
SOY_40bd5dec486522,1931.4418074932175
SOY_e88d6f6ca5f6d7,1842.8251590749298
SOY_41f53d6305cbdc,1790.0046915620378
SOY_6f0ac6cf867b86,1842.1323469988874
SOY_dbe8d9c9d2e844,1868.584254974865
SOY_4175f075354df9,1794.0825319168023
SOY_e3897ec3ad4e05,1913.2179981118938
SOY_10028c1bc59639,1823.1372573058188
SOY_3cbc38f0acd1d2,1803.4583152787359
SOY_726bf36bbb068c,1825.922044141349
SOY_2c2ccfa2d1d48b,1420.8355761143714
SOY_e181fbe7cbea56,1515.7963966389411
SOY_10991e969e794d,1486.8733236933635
SOY_ae4de7babc4444,1506.391421250933
SOY_4aeb253cf447a5,1508.2137466454762
SOY_4df39c30500dac,1496.3038138353534
SOY_0360f8f3d2670e,1525.092468225676
SOY_275b379492f5bd,1464.788580372466
SOY_c2e2527ab3c05a,1473.8939692531096
SOY_9f5c2efabf4c1d,1449.5632948026814
SOY_5c4006f909ecd8,1534.5626197834188
SOY_3a78cf76682bec,1587.774757998194
SOY_f067dc01eecade,1602.4217082847376
SOY_fe4643250571bb,1590.6381658540831
SOY_0b130939845a98,1647.5724933880906
SOY_75bba4b77b5e1a,1615.16273630747
SOY_e3a607478735d0,1544.4112535211243
SOY_749814f05f60e9,1517.7473186946254
SOY_1219fcdf20b5b2,1591.270184247771
SOY_cc6f6bb5b764c3,1610.8908267450545
SOY_f470d77ab947b3,1628.7174925716859
SOY_19b68f0589b6f4,1584.0768697302624
SOY_0a0b2a3760e4f6,1586.1098046723862
SOY_9b234c3af10ea4,1594.0105415914065
SOY_29a4d06264f63d,1585.1222864504434
SOY_be56f07554b893,1582.1841365769683
SOY_bcb1d7862bd535,1577.6535500916962
SOY_742f3e752e9f34,1526.5109957937805
SOY_f6bc3eba3bb4bd,1475.1371513116228
SOY_404b10647fe114,1498.3000233751113
SOY_3ea50b11f53b36,1495.8531253658496
SOY_e737186e83d344,1504.3385301097348
SOY_505d929d698060,1466.0298810644658
SOY_d945bc64ef235e,1666.2361203549763
SOY_5041264bf205c9,1574.0805317860163
SOY_04c5082a1c8b90,1553.2515472526968
SOY_4ee4f3fe391577,1625.9081257056766
SOY_2009e2ac2601b8,1656.3172119093608
SOY_418259815322f0,1491.9139606227486
SOY_4f1e37244442c1,1470.8210576806723
SOY_893de5dd65184a,1305.1426603415357
SOY_c4f28fee13ec88,1328.0121490382876
SOY_5ec8086ab3eb14,1314.5249530354556
SOY_0efe3d4177a637,1312.9038621007028
SOY_60319bca2b20d0,1307.3739842311593
SOY_7baa172e4f9401,1320.483964398797
SOY_e8952a20380208,1465.4305432684698
SOY_919fd9ed249c4e,1389.421022810072
SOY_1cb503aee9cbcf,1375.3483592422538
SOY_2341647ad64258,1338.9176262733463
SOY_b4fbc2eaf0ea28,1337.6888413376441
SOY_705ac6ee9bf69f,1357.4725840512492
SOY_ad15d8c566198b,1345.8687951412444
SOY_bd9e90f5dd2047,1321.285162231658
SOY_94efc55e8e2d4d,1335.8397519960643
SOY_a589465c9db737,1361.0158881792984
SOY_0f669afb72a940,1383.1412156555095
SOY_fea2bb30b08674,1334.4939195928823
SOY_dfa2d2127719bd,1322.4834716165785
SOY_b93da491ecaf3c,1340.1216163222252
SOY_8388508e9fd053,1330.0570048581935
SOY_80bc4614f27fb3,1394.601356717695
SOY_4400dc33bfc0b8,1360.9243299977916
SOY_29e97d50407cdf,1342.3388135613013
SOY_2d3885485c8d98,1330.4856436136572
SOY_0324571011a958,1318.8423486491304
SOY_abd7295bd76250,1317.525910726767
SOY_ab3ce93b4c7ffb,1345.7587801388504
SOY_f82849b0cd1fc5,1302.3200529832375
SOY_36d1bae8d817c6,1332.7293981096573
SOY_603c88ce2d76de,1406.114526428908
SOY_dd453ff53f01e4,1369.9258628570726
SOY_7750f87ad8bff3,1400.8403347918472
SOY_07d117239a46da,1336.6633170757673
SOY_4125e0363ec022,1332.420058607441
SOY_695780b07cf71a,1464.9064340519208
SOY_6e5eebf02db4fa,1401.4997237334755
SOY_b0861fc5cf0e5c,2784.8231736624066
SOY_42e045031540f4,2839.481939152867
SOY_f652c73c335648,2988.812448768088
SOY_cacaec8108a378,2596.105843066681
SOY_8ecff986946122,2840.6417540869857
SOY_1a804084ccb9c9,2926.5272082898587
SOY_4dda60030ff85b,2699.087621181102
SOY_113eae7bbf2273,2916.079307012524
SOY_3cc3a7070ee661,2631.2980071710813
SOY_5dd84794e3603c,2699.56577551155
SOY_28dbc64846600e,2518.6349149339867
SOY_26160063eb1a53,3004.12695300596
SOY_9c680a93b74381,2981.964699442642
SOY_9f4f3c073d3d06,2982.4886036653397
SOY_82f4941a31c985,3000.412340090853
SOY_e9a6822fa46bd9,2713.175098133998
SOY_83dd0554244d70,2887.3195966587964
SOY_ca42b3fa8c83ae,2761.7439564683186
SOY_dd78d87322eb87,2970.0334225186225
SOY_c06d2086532915,2979.877335681614
SOY_32a53daa3e5cd8,2890.2069787046507
SOY_e11e5508d8d1fd,2923.4191014781036
SOY_07f82779fb570e,2981.315373408371
SOY_9824d5d621d085,2951.1121970520558
SOY_5b5fcc23cec433,2966.582110952759
SOY_5a11a3cd69ba52,2967.459429176803
SOY_5a34be3e8ca3c0,2680.7472241945625
SOY_637ce9d593bdd7,2757.857837189098
SOY_66ca8081c6ad15,2829.189373636982
SOY_007f23e0bcd54f,2731.1636232947303
SOY_78e799966a4d13,2819.682029341998
SOY_7061022d99be0a,2765.716843849999
SOY_d2f1ebb8e8e87c,2909.6011562189815
SOY_c3f01211392813,2669.8808393891327
SOY_bcdd8303997eea,2829.226532489902
SOY_8d12ae43d93cf1,2761.1232978837043
SOY_607400e12b2042,3158.2027030405366
SOY_f727560e79a5dc,3166.7230218014433
SOY_f1fe356ec02b82,3287.5809997368115
SOY_a31a57fb22b23d,2883.188255539885
SOY_ba123e3fbdd9ad,3204.4188111831036
SOY_d828b633addd0d,3272.7831163364967
SOY_c9db933d96a792,3024.93963333392
SOY_38d9aa5b2fdd66,3245.7502209816994
SOY_c1aedcb5c6d374,2961.133524269832
SOY_f60ce758452614,3005.2618779323216
SOY_9d4994c56a8430,2865.7417021511965
SOY_ad5687a543feb9,3381.003520262531
SOY_142b6caa2db893,3374.2266328887567
SOY_6c59515efca09c,3367.7689611033215
SOY_dfed1d258fe060,3379.437359786498
SOY_1f942268be9034,3088.9516094377645
SOY_0637dd8eac6e88,3289.272074290043
SOY_4868a21d276a71,3094.6694593383704
SOY_e11fff08aac680,3361.2334976829407
SOY_4cb326674380fb,3369.327019127658
SOY_4101954e3d1791,3292.626996922664
SOY_fd6a36a355de6a,3296.878225880172
SOY_223daebad3fa97,3365.91822975591
SOY_57b5db5c72eb80,3345.0806506680674
SOY_d97e0f677a91fb,3338.632455936782
SOY_3de791e59b62db,3342.0447199107657
SOY_cc7fa3cc5f5a15,3074.013471536044
SOY_3a8ce3f5e00139,3137.374236940037
SOY_a4db0b3ce08bc8,3185.9626029290866
SOY_c2b2fe30cf883d,3115.1906972396127
SOY_8e95ab14a30f4f,3194.366814763433
SOY_8f5c6ec94897bd,3141.543481977378
SOY_8b0ce5908af3ea,3270.825471970562
SOY_3ac2ab83855449,3064.454497655767
SOY_16483583235ea7,3194.3979264623877
SOY_03b5205d9d9a7d,3144.847883665889
SOY_f2001915aef522,2816.88355178136
SOY_63f9bf2b143f17,2832.830509959827
SOY_8c233e29263895,2901.7432077933317
SOY_0ebdb2abbd88be,2640.878691595167
SOY_2c8cfac5a97863,2845.049328004969
SOY_3d862c4d418173,2908.4105399865975
SOY_b440cc57ec84ca,2738.791420516527
SOY_d5eef37fe4fb88,2872.4738971803263
SOY_4eb5378cd8d62e,2704.1115215536993
SOY_1bcb9ca8247b85,2730.662408751165
SOY_e5cefc534bc5d2,2582.3065248690664
SOY_0e1bb4062ee5f0,3011.6881934335197
SOY_c9f31062c6e39f,3003.098297759291
SOY_082df17daeb803,3009.4326031849764
SOY_ab32a09c689aef,3019.2735206767506
SOY_fb81e3638252aa,2794.233782972132
SOY_3685ee334448c4,2953.663333363036
SOY_972dda3a7e292b,2786.945919438401
SOY_52e1004dfe4fac,2992.9192348470833
SOY_399868ed22849c,2998.154312101301
SOY_905d3623d8d3d6,2958.6593880021023
SOY_d593d82e5ce784,2972.1973458945045
SOY_d6e50c6d3b405c,3009.474838193034
SOY_7e9d8d389033b5,2978.459630640729
SOY_74893b4587a893,3007.3036618891365
SOY_c2f8ef6ed56749,2999.837142333329
SOY_f5fc3f930cc7b2,2773.3298634464336
SOY_3ba0a0e1cbda3e,2841.187863518344
SOY_2579da5bf69ba5,2875.447312394214
SOY_c004963cdb6b30,2805.5208620942776
SOY_2ee3b9ecd6903c,2864.098648347459
SOY_b4936657f2fbeb,2819.7489161254093
SOY_a906299c1159c7,2940.506796428268
SOY_d886c873e37fc6,2756.35849865647
SOY_02aae7893d140f,2862.059096914835
SOY_16ba3eb6df1f83,2813.1785738892395
SOY_09ee97c181e49c,3112.889905303309
SOY_c18250ecf1e70b,3097.802204097923
SOY_1725f8b96cd121,3290.78738491279
SOY_7d43691713c57c,2748.759806583147
SOY_4a5207f66944bc,3175.706479354709
SOY_805477569fe757,3239.061963073001
SOY_127f002209f19a,2884.915726842361
SOY_8028a509acd9e9,3238.936562441751
SOY_a0e5f1ffbc4784,2790.4548135476853
SOY_5ec0ecc0a986b8,2877.2194252513405
SOY_f2e3685daf27fe,2744.7564923903706
SOY_a1c23fb69201d2,3374.880259621009
SOY_e04b938bbaf023,3375.255219047481
SOY_28b79c9a3bb2b6,3363.7112132987113
SOY_a0daefea86efe0,3383.7953594029145
SOY_e495ea880f9b45,2991.756799114988
SOY_0f4d0b44537b0d,3270.5972694713028
SOY_6799e2a13894fd,2979.6785712824467
SOY_5276ce5e5803aa,3357.882905546353
SOY_3e67675ef4cd71,3366.392782660215
SOY_5c87e21eafad08,3279.201200748428
SOY_1d83d76e4e78fc,3249.065848859469
SOY_e35dda2d7e9434,3365.4329264651356
SOY_af4607126c3420,3334.4395810877045
SOY_d65605c3f46a60,3289.852374638573
SOY_e95df8f7fc8b32,3284.910661022946
SOY_b37b27f9d6fd01,2999.4518967114986
SOY_9ec2f84f5d2bc1,3085.1117799448757
SOY_0e1ba4d2d40ef2,3150.428493581451
SOY_9810ba04c65285,3045.111207193909
SOY_1e4836d08d59b0,3148.06340447234
SOY_9131895af762cc,3096.2225211205405
SOY_da43e0ce3b536a,3239.232338867848
SOY_28d8768b012074,2994.563440626283
SOY_5b9884d78e2843,3142.9469742939773
SOY_cdcfb042d9a132,3089.416874709804
SOY_5700be7db62e6c,3171.3998870775736
SOY_9444b54213b609,3182.602396649785
SOY_c83a4e15395a45,3369.1522228163617
SOY_5df0ade0e48cf6,2855.6331826644105
SOY_fe4314b6ae4e6c,3218.6820850819263
SOY_e8f6908c7069db,3300.8124045185086
SOY_e5e38b7db2efdc,3021.157147022819
SOY_bbc856296ee5df,3285.0651772031383
SOY_5b3940cd899c5b,2953.383015523169
SOY_915e19dbae238f,2998.4873496514915
SOY_ebdc3cdb9db8e3,2827.9749417537855
SOY_ef6eeba7aaa8fb,3424.4153581902597
SOY_afdb31570ff79e,3413.638080446996
SOY_3672658bb84901,3406.918641355176
SOY_ac8cff3ba388dd,3432.4491706331946
SOY_dcf8a2168d615e,3092.598565439533
SOY_2e8b3a33c06e3b,3320.8104546212835
SOY_006cebbc3d6115,3084.7439345171974
SOY_b81dacadfc0701,3399.318419536785
SOY_e722e41545c5b2,3405.7846835156474
SOY_1993e9cd0986b6,3322.3535754097047
SOY_e346792971bdb3,3321.4181921651234
SOY_b19fa841a1106f,3405.8417691300556
SOY_dfd35ac06aee24,3378.160972588801
SOY_d4c40ca08671a4,3363.1751462852803
SOY_8a42deccfb1a46,3368.9040504230225
SOY_aeb885d295857e,3055.35584833171
SOY_79982a3649e261,3132.88593808246
SOY_19a852f458c8af,3197.369942859233
SOY_017b003a31549c,3100.9240041162398
SOY_14c5d7acc4e107,3185.28422967031
SOY_fd96b9addb7773,3123.7793087504015
SOY_d0d085a32e1992,3283.4979668210794
SOY_810f20a71f6f06,3046.637912073783
SOY_a00339bcdd94a1,3188.391676202883
SOY_433784e059f4d0,3137.576565314718
SOY_b192935dfdcbac,1479.2098589770726
SOY_91c61ad7f6b32f,1475.1791155622298
SOY_89387ba99df727,1412.981323095055
SOY_dbfa2566fdbec4,1421.0237147341873
SOY_0bdb2dd8e35697,1448.6865906031808
SOY_62281b68c63556,1428.887297075364
SOY_7ebb26b9cf92f5,1373.0398486742233
SOY_9df59a968d3ac4,1474.6845042128632
SOY_659d7144cdca41,1492.5331922679738
SOY_dc7d46cfeb28d6,1462.8999035004294
SOY_9b30206ad3d8f1,1521.6631560280935
SOY_e6c94bcb37de96,1521.848342204779
SOY_133969020e91d6,1417.581834355255
SOY_5ae160bfa8da7f,1523.5451194149139
SOY_b8c9af8fc5f20b,1464.3324827704475
SOY_ae6be7af70fc15,1366.8525757058692
SOY_c4263927be5a9f,1365.0810251564026
SOY_f62be7d5f88ae1,1465.909173111174
SOY_449d359b33dc5d,1475.4941259945867
SOY_b179a737c734a2,1463.9714071296519
SOY_66be9201f2e1b8,1412.635602710263
SOY_75eb8a569d5092,1473.5840140456412
SOY_8d663c7af6edfd,1482.4560075001716
SOY_2445bcc36b95d3,1496.973710058546
SOY_cf10c3b20416ad,1505.458921099897
SOY_d67dcc36a54638,1500.5575326814376
SOY_8f1a1d8060b749,1485.4160395573706
SOY_f775913098569f,1509.4193706672079
SOY_4604971318a090,1502.654076373038
SOY_21d6af6b828822,1486.3918261465653
SOY_f43f55d7f67a1f,1482.7469564325893
SOY_e9754c1670eea3,1486.5648398234089
SOY_a676a0384113a9,1500.765601650818
SOY_497f3178c81523,1491.6811324157384
SOY_b299ee8979a96b,1513.6329063542764
SOY_28a3fa37009c6a,1500.970598212278
SOY_c63476a591d4f0,1383.121588660275
SOY_ee341e4b52919c,1378.2558984998543
SOY_b665dd9103cd97,1321.5783043559393
SOY_08092ca2ab3c55,1319.953960200503
SOY_1885ff6d45986c,1357.5418899114075
SOY_4e71975a6eeaa4,1319.3132781398476
SOY_542a85b49e0658,1295.6635139642287
SOY_e5abea8009d135,1378.2114548031939
SOY_f52a66bcc95331,1398.8790263919377
SOY_c89171332bca80,1364.786486298367
SOY_d2c889eaafe640,1421.6395491472756
SOY_4e38d71d5675fd,1438.1919627843172
SOY_59c3f5d5797f3c,1334.5920541227742
SOY_a06404fed1701c,1436.1196565660034
SOY_37a111d39a42da,1365.0468839674347
SOY_46b749901318a4,1290.1636309768642
SOY_63c55010aa5034,1280.3346448328887
SOY_9043952be99992,1369.3776543747465
SOY_e278251ca1f21a,1361.843130478165
SOY_b31af772e9be24,1362.4738324759637
SOY_e70ebef1a46892,1308.1058236224028
SOY_cc9585ab162cf5,1354.8527605357765
SOY_9a5f7761dcff88,1376.8016696863988
SOY_0fe2f55c8a487f,1382.3708457295288
SOY_c82b9000ec5a17,1395.5066855518721
SOY_4a6be6fcdead75,1399.261028218606
SOY_b573ef9e120f23,1383.6762056041694
SOY_6c67d273f297b9,1400.1973901458425
SOY_62333d6772d770,1394.373629761709
SOY_3830b000db414d,1384.1368760008777
SOY_bfb7615746388c,1389.30702801597
SOY_69fd79dfca7e58,1377.0646614283914
SOY_792705a1f9d5cb,1390.6227716593116
SOY_b824dc894154e4,1404.768235952376
SOY_e9ed04ba5bc4d6,1434.2681956829265
SOY_7195cef8eef9ad,1407.3903159989309
SOY_c3b6147edf06c1,1578.7966894661981
SOY_21605f6309ddd2,1571.2401857838463
SOY_7bf007dc019de0,1492.8067751344897
SOY_ef2c3b62c725b1,1545.2534477648971
SOY_58848626d499f6,1532.2233073216985
SOY_cd9fe1ade8bf42,1558.980313452662
SOY_80ca789c0ea93b,1459.9963294395673
SOY_b059a0fa8cf29f,1641.1185276357292
SOY_2d320e0fd411c1,1624.1025415026352
SOY_34bca3bb1349cc,1598.1707320208166
SOY_8720312168c7e7,1577.3622633267273
SOY_1b96f580d5cdd8,1576.4013770751499
SOY_494104e1049d51,1480.2713755223715
SOY_6ebb7ceacbd122,1580.267897164118
SOY_d408f546f533aa,1549.2808665909758
SOY_0c8cd5f6c52166,1461.8975605588503
SOY_2e77e39d8f8f73,1491.5748099685354
SOY_040e76e70b4678,1594.8693353249841
SOY_a7e27ad5638565,1552.8016829818707
SOY_334b6881182092,1578.9112536435682
SOY_5706599db1305a,1543.3472079176179
SOY_7289ffad082f83,1611.0950554963456
SOY_2e69e1d4f31d76,1623.0422378760793
SOY_a58af898cdc256,1636.546538425645
SOY_f029a607fb3077,1647.683127874095
SOY_7ee40333e64412,1645.8726442923544
SOY_cf388966168c86,1627.2270051379
SOY_476417e08a3b5e,1646.3906043863653
SOY_c7b98a7871c754,1645.099511448812
SOY_eeea8e1c179319,1628.927106205546
SOY_4ad71a1a00b7fc,1625.9692685433126
SOY_1f7054ec1db03c,1623.213923077397
SOY_fdec315e64cfe9,1631.4888395633197
SOY_0ecfd13f17ff17,1619.3861503920452
SOY_e09b9c61f0f135,1621.1453044579812
SOY_77ec9d2c129261,1621.8464723659847
SOY_24f0044e848552,1454.046690457897
SOY_125be5450a0369,1447.5296521498292
SOY_9a9568bc501b12,1369.7958521664327
SOY_1ae8c893bcf75d,1406.9615135862998
SOY_169efc53b43cf9,1411.1583091370244
SOY_29eae7be6f3962,1417.3382464608069
SOY_0531cc1f2d947c,1349.6592169027901
SOY_8f0e7cd852490b,1500.8516908631082
SOY_2a797e5bb85b3b,1499.354248444782
SOY_68242df9207780,1471.2441111027795
SOY_4a56e0c935d081,1464.6003568544495
SOY_b3f67d17a760e7,1464.2153559533137
SOY_a7f0cdb8be43e0,1376.6565728521534
SOY_492ab21bbaa7e8,1466.3582344459137
SOY_9ac1f1ac8623e8,1426.4972111042985
SOY_980030655253a7,1347.572742445067
SOY_383d2e085b898c,1360.50121876911
SOY_001c68d03c6fb9,1465.5822388134497
SOY_7ff72c031f0f97,1424.6913782876784
SOY_3272f53893752f,1452.792129382401
SOY_b55fb77481a7bb,1407.77878668139
SOY_e7ee13a494b75f,1481.5018492411045
SOY_1da0c025aba70a,1488.6660458753613
SOY_e88bae47cb1e3d,1506.6339189380897
SOY_f335b997104044,1514.7782077467498
SOY_4c12b0e1c293c9,1507.287699753901
SOY_5a3237f479d70b,1492.597406366624
SOY_4ef3b1e4b7f2cf,1507.8963635311547
SOY_a65114dc8e9cb8,1503.4098689401771
SOY_24958096805a36,1493.2437543348751
SOY_22d47f9cfc9e90,1484.4150133507833
SOY_952300739e0e0f,1490.434809326291
SOY_12a9514890a9e0,1499.1688988460555
SOY_d45b441849a472,1481.3544647736373
SOY_aee591a5e9c04c,1495.0758964074207
SOY_49d75779fb8cd1,1485.4766288694848
SOY_136f6fd7ba93cb,2069.8058828711146
SOY_71d4c4c2595bfa,2036.3185882876805
SOY_96417e5d78a6e1,2104.399336374803
SOY_94166c08b79da6,1987.419480688111
SOY_7de8cb6c3c128e,2009.6238964180927
SOY_ce3c5c675f2ede,1931.042403693243
SOY_5c8b5a515c563d,2090.7422085932953
SOY_cb4ffa6c8bd8fd,2018.5698466861036
SOY_9140cef4fc7666,2020.1417114491123
SOY_83cdb569deeb05,2102.124754130078
SOY_ed6e43784c6046,2316.0966204912766
SOY_ea528ec81c9935,2289.040727059854
SOY_237941b132f219,1951.771290408074
SOY_ed96a5ace8ec42,1941.8754084323919
SOY_494db7bc89aa6f,1962.5302917119693
SOY_e8f00be6b5e69d,1968.7751432704526
SOY_20ff8a18cb38e9,2091.7223362180434
SOY_65a9046badc48b,2311.3987340094027
SOY_7c35161cc4005b,2192.3745707845837
SOY_fe09369af77fd7,2293.4835649404913
SOY_ced9f96b119839,2231.8018855434143
SOY_7581e6e83ac9e8,1985.6347913689992
SOY_72a7c3ca143e0b,2035.5481312302632
SOY_347fbfc751f622,2074.2035691820765
SOY_0f47f5ade73c88,2164.581642882198
SOY_c6a89a351c059a,2078.7316950333634
SOY_6732d742fb79ae,2069.3166947197474
SOY_99c3e5103d367f,2052.757913791091
SOY_c0a2528e799528,2131.593575784646
SOY_47f498ff078589,2078.024703563656
SOY_c4d1f05c8fb822,1848.889262063052
SOY_35a29b57638ba1,1837.385751161554
SOY_7d20fa3d6527ad,1833.6763086871733
SOY_f99173825e4505,1838.0387338658738
SOY_d4810a2ea08457,1846.0108154653597
SOY_0b5c90a5582937,1844.2687564507912
SOY_31f7fce159f4c3,1833.7069065151154
SOY_1e7adc76750fc8,1932.2479686381973
SOY_ac052cf52c8f8d,1926.7928155667582
SOY_671fdd3c96f7bc,1926.994269072175
SOY_b4de22e8df1ec2,1913.8312298840556
SOY_986b74a2e3fcd0,1870.5740920552066
SOY_0229efdbe16ed5,1928.84735576099
SOY_1485a33c9842b0,1896.6778690948602
SOY_c4966e8f234ac1,1895.8060151374173
SOY_71af796190d733,1895.683865949367
SOY_c4a3e2131edeca,1890.4803550024753
SOY_f8717ec28aaaa9,1890.2084251417327
SOY_94e85e699eec99,1898.5850368226677
SOY_30de84a2cd3133,1890.1778273137907
SOY_b0381762dd152a,1890.2084251417327
SOY_5d610f4034b353,1890.1778273137907
SOY_0fa222fc543f34,1838.299015748234
SOY_771866097678cd,1888.5604669168954
SOY_1fe4f61f7d67ad,1890.2084251417327
SOY_eeaed073f66d69,1890.2084251417327
SOY_9db717d0ca96fd,1890.2084251417327
SOY_df49d63d442429,1890.2084251417327
SOY_6668eef614bfaf,1887.212532187203
SOY_4507f7bf36f1f1,1890.2084251417327
SOY_b5449049491d96,1954.220438290134
SOY_512ed6b1d68293,1875.911319743869
SOY_7bc8de69b0b61d,1890.1778273137907
SOY_38eccc7af83247,1896.557707811863
SOY_f911a3efc9a5d3,1890.1778273137907
SOY_7c6a324429a5c6,1897.3154660767482
SOY_29b088099f4650,1890.1778273137907
SOY_765cbf5fc2afe4,1895.6327864611699
SOY_51dd7c9f8edcc0,1890.1778273137907
SOY_54156b8db7057a,1890.6824197674712
SOY_92d9c7f4b7ad45,1898.6368212832513
SOY_afebb1e7720c39,1890.655185194476
SOY_3ca065213c07f7,1890.2084251417327
SOY_c91a9abaa66fc2,1890.2084251417327
SOY_41eee556bd6e21,1897.503411808187
SOY_9a5b449ea84e55,1333.46558068407
SOY_979dc99b271641,1404.606489311966
SOY_77f984106ae98f,1405.8903243120621
SOY_61f10ecb052da1,1389.2323637194245
SOY_2a6415afd31ca4,1339.818590470553
SOY_b2705fb6311809,1335.7593111499332
SOY_65c717afa38232,1405.619106986547
SOY_c549fb79f5d41f,1292.8462112064037
SOY_af9ecc5ba8d661,1296.911736250748
SOY_e07579885c8d9a,1278.3922901471788
SOY_294af8cd24e2fc,1294.9445291821107
SOY_3f32eccc9eb3d0,1277.905630080249
SOY_31e951d30807bf,1300.343568465319
SOY_9bc018d9e2dbf8,1332.6053919246222
SOY_25e63f54c2e249,1362.443891951239
SOY_9479df3adb2bd4,1368.746429496001
SOY_405871a71f656c,1365.9358581044266
SOY_fdad6346fad470,1366.937752197456
SOY_58478214b2da85,1309.4139551236794
SOY_e72bf804a818b2,1366.9665449454499
SOY_62fefadb9210e3,1367.0242733517864
SOY_4c99bfc70687cb,1367.157034725884
SOY_7a87efb193ae63,1271.393770802216
SOY_19d4e4763981f4,1292.1446657843667
SOY_ccf9f1a219b7f3,1367.1978951653393
SOY_05bc06aaa18446,1366.937752197456
SOY_038c274c24a666,1366.937752197456
SOY_60a977d8f90b97,1366.937752197456
SOY_397c51ae613ee9,1271.0663217507579
SOY_f244496d0deeab,1367.055724329227
SOY_5a8b333fe1160d,1301.1144768498243
SOY_30fd6529b49c31,1300.63684824909
SOY_803960ebed53b5,1367.1341685534499
SOY_857719f18270a2,1350.2322837656197
SOY_10ecb9a5df9d20,1367.1472816647447
SOY_16c725c6029f00,1325.9636143590424
SOY_1ca38f393886cf,1367.347919609725
SOY_1369ec4c66b425,1369.1237974394205
SOY_32931c917571df,1368.1215283229978
SOY_9a8ea7df48e783,1365.550892631064
SOY_d28e24328d04b8,1302.3989358990352
SOY_b62bb735c1249c,1365.6909240986606
SOY_7313fdf4373687,1367.1978951653393
SOY_b1190565c5d694,1367.055724329227
SOY_dfa238b68ef72e,1326.0753922709928
SOY_898f8a9ff4db3e,1738.1746554399833
SOY_7b2094957cbb5c,1757.3982527835897
SOY_dfc2304558a4df,1747.3954266245682
SOY_97e780fd915b17,1790.0052537242805
SOY_63ffd4c639b679,1784.9225177940991
SOY_ff8e3b50ba7082,1763.0056903543548
SOY_07700da645b4d5,1807.928475973667
SOY_42e5faf67da718,1956.717796918861
SOY_38d37220c7c13d,1859.1213142892934
SOY_b76a4b6d0889dc,1851.0760480394763
SOY_c14725f6162240,1874.8667315509683
SOY_11391c4536cbc2,1791.9616928664943
SOY_a6543261a9215d,1791.7830003769288
SOY_5d2f2eef71aca5,1826.3527761798819
SOY_11d120b63adc7b,1796.6144995909142
SOY_52ec94289da6e6,1789.568048921284
SOY_3b7379f5341734,1795.3531296742665
SOY_d880bc18218f7a,1850.8700724108512
SOY_731c321340a694,1757.7350476279423
SOY_e6f8f60f154615,1868.3433480327128
SOY_725eed605f5527,1339.565909290057
SOY_cf09dbb859e5a0,1225.7971764666088
SOY_f5df39efce702b,1206.4581153708714
SOY_f631700336abdb,1223.7069450822046
SOY_8d5e95c67f975e,1336.2181273738943
SOY_f844ef0e71c084,1264.372787049386
SOY_6de4fad0c95df6,1216.7382511621597
SOY_d313aa679d539d,1226.4382822521502
SOY_33b5efee898459,1228.9532212728748
SOY_e797da9f89fb5d,1225.4237101134609
SOY_f15f9e7cab2dce,1255.9187717633456
SOY_3c5ea004793f01,1270.7939085952337
SOY_2e62460d6a9bf4,1237.8253106497946
SOY_f20826a4d82eb1,1244.2489430344453
SOY_23fcafdef8a694,1251.9902826052123
SOY_316297d19c07db,1221.7685377477906
SOY_474bf0fcdc46c9,1280.413020782632
SOY_b5d4e1dcc8cb26,1329.8469312857785
SOY_eae5d6fff9abeb,1320.8681359411853
SOY_f94c02668af232,1321.2408878878036
SOY_4f096493df6cb8,1371.3080822529228
SOY_05ef1df0ea2f2b,1325.191419591368
SOY_560c45538b8f64,1353.221463767989
SOY_3fa021e3788bcc,1341.2615792772733
SOY_46470ff6d2455d,1244.7979671206665
SOY_6e25d1e8620cb3,1409.3313143981895
SOY_6bf8a86a7fc6c3,1287.3640731478038
SOY_669fec8ec94ae5,1293.0586681722432
SOY_3ddd49322cca07,1294.8196620209148
SOY_9282fc2521058f,1293.3275447800384
SOY_1594e56ab0ba9f,1289.1740505213866
SOY_1d4a3dcf9c622c,1282.055487826716
SOY_bdda247bd3795a,1270.9349469740857
SOY_188d4cb8bd679e,1296.9637497310764
SOY_8f00cdb084389e,1296.4771085020302
SOY_924022bd366059,1276.4807297070834
SOY_16ffc21bb767df,1294.6507886416668
SOY_70c3a4b25b5a53,1327.7628885856093
SOY_559a61c219585d,1366.7932990053575
SOY_bd1a580c5b43da,1336.009081477948
SOY_bcf0865b2869f7,957.8221105818955
SOY_ea5d5b329b9d94,954.9395431081639
SOY_05b38c8e478a1f,1073.4060637991752
SOY_7f353c8e048409,999.1573878700735
SOY_6519fd536504dc,978.3353780045154
SOY_5e17a7136b010b,988.2128875067585
SOY_da08ef736ecbfa,987.1345818928928
SOY_64a6181eea91cb,1006.79013061708
SOY_d40fdf42bee1ad,1001.6021000183728
SOY_b4611d3531ec91,946.4502420217473
SOY_8c428ff4945430,1061.3594075542383
SOY_2d04f2af17acde,939.8131453612843
SOY_013198eb167965,1055.1987914730396
SOY_63bdcd9eb0ccef,1087.070176020886
SOY_25f5874910f08b,1078.0086060340946
SOY_67c631e284d453,930.1855177843524
SOY_559ca5c6045390,1035.8342407039743
SOY_07df93e01d963a,1190.4090164913903
SOY_580c81b44f7be8,1048.0398322661788
SOY_9effb401e4c91b,1157.0509777879342
SOY_639030e15bfc28,1017.9718437605891
SOY_c3e14d5f7002fb,1183.4739289352863
SOY_bf2c2fb5389149,1036.0695251743489
SOY_70a3fadaaf04f5,1039.3961153471632
SOY_a4d61734d6412d,1049.9537053439685
SOY_8d1f2b1316eefd,1053.004392926865
SOY_1f396637377063,1049.2323206284343
SOY_84a98b1337667f,1036.2131804067892
SOY_19022d83dceb02,1161.2568560069894
SOY_209a520e661c2e,1348.088055733252
SOY_759fc331845ecb,1485.2433162898546
SOY_8b60356c5ac534,1410.3688305920964
SOY_6ed3135836019d,1390.833942760571
SOY_c52f7819b5766a,1403.389620073271
SOY_c9de7f5000e747,1380.6481610742446
SOY_71468301220264,1356.5160216582321
SOY_bd357b43552574,1399.2118432540508
SOY_644741390de23b,1356.6818484095218
SOY_ef69dbd0d8769b,1525.668024638155
SOY_f1832c3042bf21,1438.1367527581867
SOY_6ac31b749b54b6,1420.658921000407
SOY_ed8a279fad00db,1440.2003416563412
SOY_8fbad630be642e,1386.4040841737647
SOY_8b97dc15fff043,1358.4127178253673
SOY_0b7645d97300a0,1443.543595752887
SOY_999db95d49888d,3057.686740060067
SOY_dd7426c68ec03f,2966.0461010219105
SOY_3c62110ab2f680,3105.170233228806
SOY_7f998bd5edb5d2,3069.5455573706613
SOY_1b65b95c1b7bac,3049.248554676944
SOY_401b0d20a61a02,3064.0144215093583
SOY_bb2a84ddb82386,3105.7579140654966
SOY_36d44dd011bf60,3136.548735730286
SOY_6776ee94ee18f4,3126.3784581901
SOY_bd256d68f4e30f,3114.218118329375
SOY_87546ad794d484,3112.729878245307
SOY_5bfb00e5be3a21,3119.2515638924433
SOY_bcb507efbf5579,3057.4864609261895
SOY_9ca2de10210dfb,3097.0045956300087
SOY_f90735f0728331,3043.1799419570657
SOY_428cd48db75c0e,3083.173505489531
SOY_54412574ddb5a3,2960.7740843003407
SOY_417b18f0687389,3048.19053811088
SOY_c5ff911c2be099,3108.562806449979
SOY_6ba7aa9d5d1de5,3091.111690082882
SOY_2897504c773202,3231.936900989755
SOY_df4efd8f6fcf70,2914.89334223645
SOY_29117a5962de31,2868.113772544707
SOY_a0d36fec7e8e5d,2664.635222386233
SOY_09c073203e9ecd,2864.3743445264245
SOY_870a903f38eee6,2950.8735386380945
SOY_071377a5bbcbc1,2941.258142770669
SOY_f7af1878ce5b45,2908.501565767653
SOY_c90ebfe07026dc,2656.1929745346233
SOY_77b24ad249054d,2674.9342540063285
SOY_c991ce686ab387,3008.8366781917503
SOY_79757a6465b4e4,2920.989733546365
SOY_c4051f666f0327,3083.2442747513655
SOY_0c73c65676c5de,3013.7660795251486
SOY_55d5eed5070ce8,3043.697337378122
SOY_429ce033da268e,3031.2775889195145
SOY_206ba47f7c238b,3062.9245260342173
SOY_182d424841ee49,3102.4649318065285
SOY_7b957a6e01f654,3130.9786138347145
SOY_3d932d2bc4103e,3128.3544139217656
SOY_7262867a1979c3,3120.4794794101704
SOY_2a20e9401a1e14,3119.7645391137717
SOY_c7345e1e9b552d,3076.450600978909
SOY_13d5dfb88ffa5d,3082.0742360362374
SOY_3817886f03acd3,3044.1669726221508
SOY_bec13e1ef04045,3032.0258242497434
SOY_d06b09c31c6f72,2800.945809405627
SOY_f13bc8c0d938b9,3048.5447841280375
SOY_fac3340bfd9336,3115.9128249646883
SOY_1f09b354f757b3,3047.6133152720818
SOY_0431bd8b3c8fc2,3226.759095083694
SOY_231c43753946ca,2972.671196764154
SOY_a3c483bcf89aa8,2918.470450481855
SOY_d2435e2ac1c9a5,2609.5220978473526
SOY_ef9f8f54964644,2885.159841804506
SOY_04d9cb23c5ffad,2985.0448526409527
SOY_8e5a9cccf820f7,2993.728633597319
SOY_8a504bcde5369f,2959.1924368153623
SOY_41972f15f3ec45,2634.714408703822
SOY_92f193948d01e8,2619.0258197637886
SOY_db726fdf5bf390,2190.2109754491526
SOY_824c3b34202d54,2271.9785001197884
SOY_43c06c02ba61b4,2276.1548328221097
SOY_a06010779774b0,2251.769139545369
SOY_c8f64a9b5d6942,2274.529972098761
SOY_d60a4d8c58029c,2069.3077736908485
SOY_bbbd8a055329a7,2075.8540987716488
SOY_55c0eb13370f14,2469.5658618182692
SOY_19cd2836aefe87,2108.4203439517914
SOY_aab4f845bc698e,2110.3369514960223
SOY_f7c4571b426203,2114.269234889069
SOY_a187e52d11d05b,2114.556156127067
SOY_b9f9b5be962eae,2316.149053623704
SOY_a7d466d71e112b,2250.7575382232803
SOY_929614e196c65f,2481.8836449522178
SOY_1490d4478b017a,2546.0593614651057
SOY_46e82030f46038,2333.297189830683
SOY_a591bc6f437a64,2239.423787722717
SOY_9559f61c3a8d38,2164.731274580683
SOY_d713c815bd0edf,2131.5578956091854
SOY_493bbe651bdd42,2344.1439421442437
SOY_ad16c5fb394d2f,2127.4877296873465
SOY_01e909c27ed074,2188.6950829726134
SOY_01b9eca83ce005,2252.6739002642994
SOY_5b9343202ae8b7,2112.068314367896
SOY_0eabaf14a3b455,2138.520893904827
SOY_d843614139dcaa,2221.3726084205646
SOY_7a776de25bcebc,2429.018008494823
SOY_814ce8f7ced370,2554.6832219207745
SOY_361b434be60d06,2484.309946923178
SOY_537541de4b3295,2212.944102581854
SOY_8c4567a58c0bc3,2548.7339183798267
SOY_cc5249df63dc30,2246.232960111195
SOY_574ea7b109ce16,2291.205688156545
SOY_68abf7a64ddf7b,2309.720211233512
SOY_f692db04bea005,2296.692437630687
SOY_0b0d2c09997c2b,2232.5998247691346
SOY_84d09bf038c244,2251.2604470462256
SOY_28aa4488ad5d6a,2287.8472107400135
SOY_99d17098b20456,2492.5674168920923
SOY_0fa2be1a010abd,1492.793824614001
SOY_978cf5eee3017a,1724.1890945304172
SOY_3285b1b0b8f8cb,1609.4611710369043
SOY_a608b96e17426a,1604.9271840651013
SOY_3765b92ecab0e7,1631.1604846974155
SOY_c9306e8c1431f7,1555.1715498530311
SOY_ec5fc602a2ade7,1530.2499432959303
SOY_62b21b6dbabddb,1620.5844360290534
SOY_879ba55b8b7750,2689.4773585307003
SOY_081791dfb06521,2812.0392909483235
SOY_fb69da96e14e8b,2817.637162344696
SOY_a27ea89a7b7458,2755.641625425549
SOY_c1e7b6d59e521f,2807.340593230025
SOY_c30289cee8b42b,2477.2467784954265
SOY_ef5768cf3861ff,2460.652829588421
SOY_9444af787d77a7,2912.0943185755004
SOY_5a67971f45b7a1,2470.4917293800086
SOY_9b297e1a91efa8,2504.6382965360185
SOY_ced1ef6a182726,2488.9023567550203
SOY_ebcd3c5271c682,2499.6868208662318
SOY_8785c99ca4cc5b,2826.5380257790325
SOY_e58d384e37074a,2809.276266523437
SOY_7ed8b015fe7581,2801.0723810646427
SOY_c56fd0b5c8be2d,2936.381292558289
SOY_da7ba0919dd0c1,2645.4484978291885
SOY_153a1ab5257a68,2615.835617957753
SOY_ee0c0b0f6f611c,2633.705631343617
SOY_2e2c29ae1b16df,2529.3092912799057
SOY_1b4d7f0fcb1b80,2616.779376489518
SOY_3e81b342ae2153,2492.3860558131582
SOY_981d3f654d99f4,2662.991720037874
SOY_797ee13ed835ee,2581.887078663065
SOY_ce5088d82fd8fc,2420.341258598322
SOY_c2cc02f42e1d74,2541.014495267164
SOY_aa51cf7e39889f,2732.0078957641044
SOY_28c2da057e124d,2889.9715164839254
SOY_9b3ec3ec8ad8fd,2930.368237592384
SOY_3e436e77385b3d,2905.676270925601
SOY_985a868548a6db,2558.258426419565
SOY_274ebb33ce6ccb,2952.2372392699463
SOY_d476f4fbe7ea1d,2606.6211819425253
SOY_c68bca49b72ae8,2742.605084250557
SOY_1bc7aaea87aa6a,2718.7249968788738
SOY_5a4f4c51807ea8,2690.761242402339
SOY_d637afa106ad47,2600.9418124184535
SOY_0b0f48930e3248,2629.7406167826302
SOY_465cf3237a4400,2743.110194156181
SOY_dea0fa79ee88d8,2932.9562098087526
SOY_3655dc87013477,1972.8134540753626
SOY_8c0de85144db2c,2068.117510420312
SOY_d039bc2a49d6cc,1988.8661686038922
SOY_f629789bb47e01,1989.4493574103205
SOY_a22ab4918e84d4,1985.882683918115
SOY_9e44e0d526518b,1973.8009718291155
SOY_f464fe705a0cd0,2092.0353478443994
SOY_d8bddfdf5790eb,2065.316247112686
SOY_f6a6a1a4ddf416,2075.542777074038
SOY_b77cbf30bc8a33,2079.2192550066857
SOY_5839927f95ee96,2085.6037666044167
SOY_1123ea5c1ce84e,2075.1872345755287
SOY_34242d4e241b67,2029.6187228757456
SOY_344a0893697cb7,2064.4022484785764
SOY_36663d683e0ef5,1965.6541225592414
SOY_81277880462d8d,1921.936646677096
SOY_94d25d8eb8e8e7,2051.2847715824278
SOY_80ac61f7056393,2072.602601854858
SOY_f3ce0e12304414,2059.6650873104318
SOY_e89a7db3c2cdb7,1978.6186065131722
SOY_b30a6820dc6887,1926.1931227794998
SOY_38a60074dfa579,1988.4450705903673
SOY_a6cf78b37b892e,1964.7835061296832
SOY_ffd84883a4dd58,1988.0442627889097
SOY_17bf06b04ef3eb,2044.502652176403
SOY_f82fd639082ac6,1969.867406494633
SOY_2aea673ffd49a0,2031.179233970753
SOY_f6278685d14636,1955.9463367470946
SOY_4281148bea9e3c,1952.322037925629
SOY_9c196cb709a7d6,2144.0522470560018
SOY_c6b2485ba35051,2337.303568634185
SOY_99fd75c3674137,2304.610055056849
SOY_7cb8977dbd09d7,2334.5749713407217
SOY_d027dd8e63316f,2272.135063069492
SOY_213f7c88af6326,2397.941031829273
SOY_a74e012377b788,2403.984029724702
SOY_501237ea493be1,2375.2767766651123
SOY_e462ad057ebfd0,2393.876792390137
SOY_e93322dd7647b8,2448.280789492157
SOY_86b713dbba8307,2317.0889460562175
SOY_e0feea2a7b1653,2477.562990597802
SOY_a534833ad152b9,2511.230777264929
SOY_4ac0246eac325d,2406.2197736121707
SOY_115bbab0191bce,2400.895576461764
SOY_407a1398a74132,2454.9439814351726
SOY_7e9e7b2eae46ee,2420.3392551429065
SOY_14179b4128d3e0,2532.596677464585
SOY_132c37c1d01037,2403.3758797894825
SOY_82ffb60430dac6,2534.0652451544615
SOY_c43b2a96878288,2245.9533756115916
SOY_df7c36df65746e,2397.6652235132597
SOY_cff306fb337395,2405.43422564106
SOY_bc033c686123d7,2410.56601745594
SOY_c0975bfbf06901,2402.452739027241
SOY_713f969a4fd7e6,2503.1319554292095
SOY_7762949110e936,2361.506149096382
SOY_6b600079f63632,2453.6857079255406
SOY_a22277d8f978ac,2525.099141748572
SOY_d89d281b0ac6c6,2322.318580805474
SOY_bb66a4e33ed6f6,3058.4065209206065
SOY_8ff5eec458650b,2949.1637155277085
SOY_e0871eeae6d862,3103.4585875679822
SOY_867b5ff601a9e9,2936.844874594918
SOY_de2ec88edc520c,3002.9532303327233
SOY_709efd6c0eb639,3013.4027144300835
SOY_3f01f7aa3c131f,2899.901781792924
SOY_8750043f7415c7,3247.610664789966
SOY_5c2347cdc574f0,3524.3696629638866
SOY_a183ac25a51fa3,2913.2113207426046
SOY_cb011fccc440dc,3576.5887132359844
SOY_2c2d55d469656f,3685.7866655559114
SOY_5cb885817fcddc,3309.2081483414577
SOY_e7cf406271f56b,3333.5580203476475
SOY_0168a3653c7276,3512.231684614778
SOY_8b53b9d58e89e5,3371.2704168103974
SOY_ae19c79e5971ef,3734.867172774909
SOY_0c1466bc3dc013,3316.916377017378
SOY_3d74d5c18d98db,3854.248253593134
SOY_d18ece94b58966,2690.0132763098627
SOY_90816530d6c08b,3423.0333990484937
SOY_9c503b7af3b984,3462.5680082840595
SOY_8a28e38db79ae6,3449.719465060739
SOY_dc8836fc0a4b91,3429.3903796619275
SOY_19430d9730d825,3672.267238598736
SOY_3ee568f01b301a,3221.2738808764434
SOY_6f5b35a8c6cac7,3653.8972163071157
SOY_0950db1267a95a,3747.6723068594097
SOY_b608c7639ac6a1,2951.9740879619767
SOY_9f9ab12294911a,3350.254392293808
SOY_4157fc50c26dbe,3306.057090054481
SOY_2134ff9caa2c18,3309.5127155720475
SOY_b09720f828655b,3344.571566463196
SOY_6b5b99bf63fc97,3419.2763842330123
SOY_b9f0544a41af2a,3429.4326878523307
SOY_a46634eae52f3c,3398.9772793203897
SOY_b967dcd9e6c1ac,3141.5346928200042
SOY_179b45d9fc889d,3220.753619073386
SOY_6252ee4d8cc64c,3090.333954469712
SOY_6772f16065e762,3177.71728203911
SOY_f39568c1e4b5de,3223.9826460478034
SOY_23bb666f649cdb,3167.563204073884
SOY_3da4093384afd4,3226.3035931698673
SOY_0cc46392b9ee32,3227.5813084638057
SOY_a491b129a6aa8d,3185.3877679932084
SOY_c012a3ec8fb8f8,3272.855467484359
SOY_21c4432152221e,3250.330547482936
SOY_655545cb32ddef,3224.0640601998016
SOY_6eec18d8492916,2929.2921775079744
SOY_d8cdfdba7c2ca1,3104.635131510251
SOY_5b4abc884ff4ea,3174.9121436267515
SOY_89cb17b018c24b,3120.818437180037
SOY_7ed91218840132,3171.2197069800877
SOY_ebdf04b2b20a01,3239.2447375187594
SOY_a90006e2cbb1a9,3137.5448438891785
SOY_a6baed641a6894,3193.444374628754
SOY_1b6a26f260d42f,3244.598251239582
SOY_196903246b1466,3201.744277186079
SOY_68395e5f2246ef,1876.6666765898728
SOY_0dbd20a2a3c8d2,1867.9662704227476
SOY_7e344646bb8d38,1866.4084007207541
SOY_5c6834645925d8,1879.5154479166013
SOY_454f2c5a903658,1955.3723484536285
SOY_d14c71297fda75,1963.3072611499233
SOY_fbf225cdac6a2f,1963.2738866221368
SOY_2888cc424e6b3f,1796.673119261952
SOY_bd37c5a2dbff97,1853.1224245656067
SOY_61b749cbdb3ed5,1777.637821595306
SOY_a1a8b74cf56e78,1839.061419516976
SOY_3bfb99f5a6aca0,1868.183351742946
SOY_1c0238b4ca7fd9,1810.2481494664275
SOY_29618e23350684,1843.6275569284435
SOY_8cc481dd3b2779,1854.3329152650983
SOY_e43913506bdace,1842.8913635075323
SOY_611e5e4bd2ac72,1912.2942746873293
SOY_f68ba71834261e,1846.562653627171
SOY_cd6b88fb109fb3,1896.3974059853472
SOY_154a21e793ce1b,1760.7553421442697
SOY_50b2fb7b27ce5a,1792.8806529788235
SOY_be58ece7c88ea6,1829.6482278500503
SOY_c33669d59a09a7,1803.6354312408794
SOY_0ef3ab1cc19bfc,1823.6685615972501
SOY_97e9e15f79a6be,1887.47958815505
SOY_c7b095f55229a4,1802.7896584716698
SOY_2e3dba8b2261c5,1846.7768309297262
SOY_8af4e56f7ae7d4,1891.9781393569615
SOY_e2811ef74f2be7,1801.0339911374874
SOY_3da93bad820684,1384.0752766931494
SOY_04ec14780ee805,1292.9523882816547
SOY_ed3b98055911d1,1302.8418215264367
SOY_6df39be3f354fc,1368.0809737135585
SOY_8969442d4e0510,1389.8760504619336
SOY_85ae356a777c72,1416.4144619685176
SOY_1adc8d7f3e1c7c,1397.0514385443607
SOY_765d7d2945582a,1374.9178996068106
SOY_3ade9472f1ddfe,1408.2668059167993
SOY_b77c8254e03c35,1476.0679788175657
SOY_bff91192ee0fa7,1327.4767058136522
SOY_07839ec63b2e6e,1303.5475226558674
SOY_a56525d88ce5b8,1458.993649227774
SOY_7fca84f9a48b60,1322.6739503300698
SOY_393dbed9eae0ed,1475.9051075400005
SOY_0aaa7de7f39de1,1411.8235220313531
SOY_9680e4743aa717,1456.3699411612683
SOY_c1c345e3b9367e,1296.8186663831052
SOY_229cf6364a36c2,1448.528449866787
SOY_537a809569179f,1464.060554466691
SOY_aa27212891ff53,1968.5754211990356
SOY_f2a2e520a9c4bd,2076.419861700861
SOY_0c5da4f7e9288f,2058.8326238766767
SOY_d2cc8c49e4e413,2186.3959044581616
SOY_7e05c7431bb976,1984.6272976970974
SOY_cbe68a9b566029,2091.1166400321604
SOY_adc79858e6791a,2075.2271753201403
SOY_6d05386df40336,2085.4610898247224
SOY_a78d7c326cc24d,1820.4128235167611
SOY_348260e980c335,1826.89680036623
SOY_3eebea3062e165,1861.3553540256962
SOY_d550f761ead467,2293.75154302129
SOY_b36d4675be8e7e,2323.1474785049554
SOY_7dbb32526ea360,2311.7711108554004
SOY_74cedb41f4e891,2304.4573304510404
SOY_08d9ca2558613d,2198.228650650851
SOY_203927fc371518,2302.4253420177247
SOY_677861fe0d33c0,2290.0624907852684
SOY_2f7e0c13eb86f7,2275.827263737098
SOY_b89bbaa6f90ab6,1833.0057493557317
SOY_a0e140d00c32e5,2193.1066127559134
SOY_3f58daebb5caf2,2230.1589598902274
SOY_cd3e7f46c6d253,2318.623881819075
SOY_79183b5b68e11c,2034.1577917183035
SOY_4836dcff220815,2359.0030048848153
SOY_dea8ed0de0fbe8,2311.614421226191
SOY_663fe2f39e320c,2267.153093441928
SOY_28b994a2709c91,2393.4624082060013
SOY_d77f3d12b99c3e,2070.6486102243107
SOY_78bb14c2dec9d4,2213.4280679587073
SOY_1d1cf5336817fa,1539.9704855020923
SOY_c1b8d58cbcff0f,1533.1746730630425
SOY_af8a1f5f0775cf,1531.1774123237944
SOY_88e3cb037411d1,1542.8491659812037
SOY_e246e49eb18d81,1535.1003109074495
SOY_1e2f68adc1825c,1552.556201540616
SOY_afda570168a67d,1523.604654818911
SOY_e969c59a585055,1530.3501501665032
SOY_792e3a5b3813b2,1538.529929943889
SOY_0452a5ac87ef5d,1541.1240654447279
SOY_351940823576ed,1689.0934083511734
SOY_409add1bdb9afe,1598.445623654814
SOY_c405b228b97009,1573.0232493048297
SOY_004cb605a148ff,1545.1461364168554
SOY_aa912e0c450bcc,1573.5296400559323
SOY_33d5dcc08762b3,1583.1349225278448
SOY_e17072fb511cb8,1528.6647086391702
SOY_90c4063f0f1723,1562.557508661962
SOY_e354b531f8d846,1527.5202088343924
SOY_e980f8ebb5c520,1576.5929049467609
SOY_558e6ed25ae3cb,1523.2340230942539
SOY_ca7d96a825cd5c,1617.2878570429875
SOY_7aec278d42b9fa,1274.1554294648517
SOY_a0e04d79b63e45,1303.2000641703733
SOY_6a336cf070030a,1323.0131946559345
SOY_3a4aff4cea73b5,1338.4409909515357
SOY_70d50dfea02db8,1311.547523521416
SOY_5a78a7b72219b8,1333.809543286964
SOY_c9bcd844142af0,1324.3900614341721
SOY_b5d8d8835b0e04,1304.8801651040555
SOY_5512cd1d3a6de1,1316.132823937811
SOY_ceaa24a6fb3041,1282.946275380325
SOY_baf6248d7bc254,1277.3655852588813
SOY_e2fb0049b9df2e,1398.4736402966682
SOY_51ff16f9e1e148,1314.2802167634723
SOY_60ab82c769abdb,1387.993513216088
SOY_8d08cb350c8c2f,1341.714620178821
SOY_2ccadb7bdd1498,1304.6630528442176
SOY_05d6e9c81dcbd7,1405.4102900033904
SOY_b41574aea352bc,1358.75597261872
SOY_27c4bd655a15f3,1382.4364894063444
SOY_a971011550a86a,1378.3082172756858
SOY_6dcb90dc86a245,1263.2839031059598
SOY_32063a397035cb,1257.3625977877682
SOY_361bcaf0fdc889,1267.182031624061
SOY_16b09c47f8b875,1263.2422753645874
SOY_4f4eca34ddf2b0,1289.4759931056788
SOY_ffd7b00c3fe8aa,1264.7915271141003
SOY_54550ffd47502b,1305.9659921277791
SOY_a3e4dcbaf0a212,1312.3097604201548
SOY_28b39d0a43ec62,1257.354533305822
SOY_0810121364a350,1282.189009024264
SOY_9ea7221a03013a,1254.7626946749729
SOY_29608e56dcf74a,1304.7395833171408
SOY_3c4a53d0fda6cf,1308.5446263358645
SOY_b628339ce5149c,1245.572862383625
SOY_4175badd4339df,1355.597994983632
SOY_0eb9d8ce552133,2449.751868758886
SOY_cb6bd2e1ffb84e,2457.0265139700164
SOY_62f872e14de6b7,2777.675080697491
SOY_95d99081d4433b,2494.504282476383
SOY_ff8e1a9dec026d,2533.281193631955
SOY_ed9a12ce2675fd,2446.5177897157573
SOY_36fccafeb01983,2213.783102530029
SOY_e73a535aea5584,2191.3616161777436
SOY_03ce312138af2e,2217.5812904160093
SOY_192ccc782be6e4,2865.7448048461097
SOY_775697b8e53f88,2587.1607121305733
SOY_c48deb6938839f,2771.465971683348
SOY_3607b522db7d6c,2851.430244919073
SOY_8ac2cc6298f461,2851.574406940861
SOY_aa51fb2aa76e08,2752.0908788317397
SOY_b8aecbc03254d9,2613.839853544487
SOY_bcee617e4e0bfc,2843.3585149879063
SOY_a762c1543cf890,2797.452752879229
SOY_3559baf6419e2a,2835.5788569134193
SOY_75d78ca50f8d13,2833.8436813955277
SOY_70bba50139825f,2282.02919145758
SOY_0fd42c7b42c85f,2515.1369745703505
SOY_638341a9d62d36,2562.5544137078564
SOY_376aa5df2383eb,2605.4037338290927
SOY_a756a8c41ea402,2663.2197029475674
SOY_bca330aabe1f90,2655.8585052358903
SOY_1b7cacc2b10e36,2606.1204501573993
SOY_504b9095228972,2739.623329354329
SOY_50e221fb259279,2353.609391542568
SOY_9f60d54f2e7375,2631.7223583479217
SOY_b0f61b9b254a6b,2160.0429417480395
SOY_086c7bc01d2c31,2171.4379910513053
SOY_f39db96d94424e,2291.1445327513784
SOY_62f96cbca83c6c,2164.1637450325534
SOY_71d75177b555a3,2180.690376791009
SOY_23df54ff31f412,2166.057125070014
SOY_ca5252e690d20d,2027.0387439770216
SOY_931b12b1e485b6,2008.180515499378
SOY_1989417d6b6240,2024.414786335178
SOY_35a90d6d67bddf,2364.50754159144
SOY_e2f2e468e5e36b,2246.767271282041
SOY_6674ce993237b2,2481.5036534427154
SOY_b35d72d85a3840,2375.308130863376
SOY_2cf5f38f59c665,2364.30269323181
SOY_9f988714cea1ba,2305.3984174320117
SOY_ef4477190bf56b,2223.182895163036
SOY_2c3c0a61590e64,2379.7809669055055
SOY_177d3e1a009a29,2332.723433775399
SOY_b2d73d63bd0dcf,2359.9194079025574
SOY_80b1d4b6293186,2345.4456562801265
SOY_0d8f6dffbb94f0,2062.3277057628716
SOY_9094647b1b449d,2219.767185490812
SOY_2ccb8cfd3afd60,2262.1685941548385
SOY_71da251dc7ac10,2412.833159026701
SOY_4ba9ee1ffaee4e,2438.9265985258503
SOY_cebb259f124f5b,2420.1800493277537
SOY_5348d5fb99f364,2347.014133372691
SOY_8876fc57e09db5,2478.00136379292
SOY_87fe916fe179a6,2155.734201961488
SOY_e0135eedf898fd,2291.421429919213
SOY_8240b93dcccdbd,2169.727804649544
SOY_e9b02689a508aa,2171.0228508625496
SOY_d78e840e841e43,2287.815716795732
SOY_11c1ab8340c9a3,2172.8115209461253
SOY_1b7261a9bbb878,2170.897405299161
SOY_82f162e98e92af,2167.5824083024877
SOY_b97e3bff7638f6,2006.7710762912322
SOY_3ff53d6a4c9f46,1988.5949183717523
SOY_cff1e7b030f2c5,2003.423608331794
SOY_2371ac332b33b3,2341.7311617443056
SOY_97ac485f3973c6,2242.5464602181655
SOY_751c6bdcb783bd,2374.360200973875
SOY_b616a2b2d65621,2354.5766850341925
SOY_70535e82c8cd58,2355.402289944429
SOY_0b7bd6204c65d6,2280.6026003254074
SOY_7c5bbe691a834b,2236.5063012654614
SOY_fabaa8fe2c6620,2356.0990185118408
SOY_6b184e6ab9c665,2327.685824151575
SOY_befeda1fe20c3f,2342.842890170887
SOY_dcd84e0da1a6a2,2327.887690931988
SOY_d59141be373338,2035.631345698619
SOY_5a216e963073ce,2232.6581497993825
SOY_3a3fb50001eeed,2272.0524353698875
SOY_fbb5ebd9179c8c,2338.246120722284
SOY_2c869f22fd3a8e,2359.144808512622
SOY_db2d47d8234f89,2341.5607035642497
SOY_ea1d2c8b95dec6,2333.3817357151347
SOY_80ed58396ae467,2373.864182110501
SOY_354d14a494644f,2161.501911599688
SOY_8d16cd18dda4c9,2290.196973208038
SOY_0eb38edabbf428,2849.0070171466505
SOY_e4934fe209f558,2830.5167803863733
SOY_76def9d1fc0f2e,3194.359620093378
SOY_e36d7b065bef5c,2880.0542664961777
SOY_d8d707753fe1b2,2929.3748224469346
SOY_9888c8b37cd5e8,2831.414049965725
SOY_080caf481ebf29,2580.174558525341
SOY_d9f2fcc0b7239f,2555.46246710976
SOY_01467be8e27e3b,2583.6139798694994
SOY_6d481e27a2b4ff,3270.4419817999024
SOY_f9c6364aeac352,2976.3139958972733
SOY_4f850a091a2c80,3147.4055222733914
SOY_48f6258b3884c0,3252.5341429831633
SOY_7d05bcae8fbc62,3252.653202847319
SOY_20617036dffe80,3139.137213364712
SOY_f11bb9927998d4,3014.983120045778
SOY_ad9c564cbd582a,3243.290456330447
SOY_edf384ad8252ba,3195.7716864998984
SOY_855e8f32582889,3232.9772081256033
SOY_752cc53cb846e1,3232.8240483683267
SOY_8b32dff4ab436b,2663.457117854942
SOY_58db8b250d46de,2878.8682263400433
SOY_339541a1efc37c,2927.6485426921
SOY_126db6ea47201d,2959.060416911892
SOY_ee8bd83b608b67,3011.804423041145
SOY_d88f7140c9fc85,3023.8189490392197
SOY_3f8a9579b32953,2967.248978101214
SOY_172a68ae2098d9,3093.8592401289256
SOY_067e795fc41b86,2736.768489751206
SOY_33696734ba9cc4,3022.456221336741
SOY_ab7907915c3d0b,2695.277387725722
SOY_36c5fb859999a3,2703.2166121766977
SOY_835438dee85504,3098.8737638798057
SOY_31338d308361aa,2755.4559723219595
SOY_ee75e7ba83d8b8,2804.00411495919
SOY_ef1180cbea229a,2682.8743073441897
SOY_d2c1ddf825df7e,2456.7271663338
SOY_e550f1984850c4,2433.430152142768
SOY_760655ae227afe,2458.5795913227926
SOY_4c98ae6614e32e,3199.234017640838
SOY_d09e6b33d7ee86,2844.559848014233
SOY_82f3299747ba6b,3098.2250391173366
SOY_963401e22abf57,3185.2296467523784
SOY_bd8f1895f1ede2,3180.75517213353
SOY_917648e48c2019,3059.9333543531716
SOY_e5d7e2bc4a07a5,2903.9247308619238
SOY_330404b794b145,3178.421430395839
SOY_80b7f8abff5d1f,3113.0308365164547
SOY_a5f4a6a901e555,3151.8824593047784
SOY_21f5e0d9b8ff77,3152.4483756457776
SOY_391da67c5f40b1,2521.64596112858
SOY_6e1c63b93e1b80,2799.384339935109
SOY_c520f80634f103,2868.0415481114733
SOY_f6f3d373e21bd3,2913.447565270768
SOY_ffa0131979a5fb,2969.664578457291
SOY_dceb2cb81a1761,2961.072411672297
SOY_731fedbd8685e9,2913.2670368899653
SOY_4421b425917392,3052.623906297787
SOY_2a1d1b164e43fa,2620.8768450206553
SOY_59beb7888f3e73,2943.6092256418688
SOY_a9ba61be576bcd,2101.4373214177376
SOY_93869b05ba5a00,2131.2518303617817
SOY_cb708667a3fab8,2101.8369573162004
SOY_fa931da4e335db,1974.8002328509656
SOY_a673d583322680,2034.5475442852737
SOY_fa97a94a87a41e,1990.449633225381
SOY_978ca5bea438f8,2007.2895675440561
SOY_160806790863c9,2022.6593351795143
SOY_56652cb6037476,2019.0871058338453
SOY_23193d7dae3e0e,2018.4974576717677
SOY_338c6a75ad1f3c,2034.6859985573506
SOY_41a9c0d7a64955,1974.0018629744995
SOY_a81193ab60ba36,1977.4716996709471
SOY_cb2f765b55b543,2003.7086543247647
SOY_1a0ac24889246d,1976.7616915729209
SOY_04c2b36ce49dc2,2134.9700286614943
SOY_e56a3ef0b500b0,2065.7580873955785
SOY_c82949e57dc290,2074.307128410425
SOY_7b1af606f66909,2032.585269826254
SOY_27f0fd7fc9d20d,2022.6950165450737
SOY_2fdb64af6f195b,2075.5929701070518
SOY_6c79b8eb3bd45f,2050.6638054492623
SOY_3b9b7052d57e74,2141.4057560824485
SOY_1b88cbb327c67f,2091.2725983796972
SOY_120d668aff0e7c,2024.519956758538
SOY_1a0cf66ee27f01,2001.0366755932891
SOY_a4da625b3b9c92,2092.2704814434273
SOY_5804955b682563,2155.531103339571
SOY_75ce8b8af7c18a,1989.8994896393388
SOY_32ab8037af114a,1988.6682292050436
SOY_7b78070ee81509,2096.362758873002
SOY_d5ca71db3fcc91,2116.5386716893945
SOY_d9cae0b17c830d,2095.068186769766
SOY_aa6a9745e12af8,1966.763008438349
SOY_7322597e6caafc,2020.4677576634654
SOY_b025026883ee7b,1985.1562793020325
SOY_516fc1fdff2311,1996.0749139161207
SOY_bdc46c4e8c7587,2011.4357099403603
SOY_0210c733d3ec36,2008.4675587662389
SOY_5d128d64fa3bf9,2004.5056274327162
SOY_0bcccfadb307db,2021.2386203708443
SOY_c235800aa04875,1957.3408323055748
SOY_40be4b817582aa,1963.5427098973294
SOY_a1fc2586e211ec,1989.3399428796379
SOY_a2feadd353851e,1963.3084650035885
SOY_85f851e795a760,2118.7393343106046
SOY_0a43b4a64309d2,2064.4953031685977
SOY_11fc0d0e1eb235,2070.1634140467895
SOY_5b5622d7cd1049,2011.0888733548481
SOY_c85d7ab2922bae,2016.994891983125
SOY_932cd9806630b0,2064.762561754126
SOY_3ec13c8b1bafb4,2039.3818471164086
SOY_4bbea9a51ded5c,2129.5276268125267
SOY_0af9e163faddf4,2087.761741101941
SOY_b1f4486caf03c3,2005.3363504028005
SOY_ee22ca5e2ff4be,1986.4682927568788
SOY_175b295b03b823,2099.3832960614773
SOY_9f43850df10461,2165.8052950951105
SOY_fa3cd39e00cb4d,1976.7658413784873
SOY_66fa87235795ec,1964.0279904230372
SOY_48b559c04777a2,2036.2303954965141
SOY_ffe628d8a50bcf,2057.8751024508283
SOY_500e92487108a4,2041.561720104759
SOY_68f0271c207dee,1892.2724359795793
SOY_6b8e28f2da9af0,1942.2185881501343
SOY_99c38137e2bf36,1899.7935925646946
SOY_fa20cdc8f803ca,1907.7373197831548
SOY_fd5dcd16cafc13,1901.8116221008045
SOY_ed2809b98dabb0,1941.0503574815764
SOY_ff7e96b6e66348,1929.0468081695406
SOY_e0adaf7f23b8c6,1936.3528078260947
SOY_6f67c6496f9c41,1869.692141842333
SOY_8a9c788f7f9b72,1882.421579665936
SOY_e0caee9add24a1,1915.4413907115313
SOY_c3d834d98c717c,1870.2457169141558
SOY_b89d9f58593377,2060.0981550152665
SOY_0fe0dc2107dbbb,1952.8319307186712
SOY_016a8f36fd0090,2010.886320023162
SOY_2bae1f21dd8406,1900.6359444420723
SOY_02d356d2eba968,1906.091282982761
SOY_7ac5e1a64fac80,1954.5112267627683
SOY_9a5b6fd1b2f9ae,1931.7902436358734
SOY_6712f5554aee16,2077.745996053678
SOY_cb1fab6a2d0f9f,2024.7029941793771
SOY_f3120f628ea819,1888.9510094479895
SOY_242cda8993cd53,1867.1651268551443
SOY_e5d1746813ee0d,1953.99759367989
SOY_ba67920a3e3826,2049.674523739279
SOY_a9b9ae917e40fd,1878.7419213109658
SOY_8b51d04c504137,1851.4412471532705
SOY_1d73c9cead06c8,1655.3365486782634
SOY_96880a0d4f28fd,1652.6082848646192
SOY_ea5297c08e5941,1656.400118526596
SOY_3ca21af0516e61,1601.5837214890603
SOY_58c817f9175467,1631.3556480297345
SOY_097973a1a6edb0,1611.2731429629061
SOY_8f027747c7748a,1615.2154484966125
SOY_b0d834a0117005,1626.6258291951913
SOY_819fd6d607b46a,1661.237299201191
SOY_30a0d57a4cbd4d,1654.5608169972788
SOY_4b4a9309995ced,1668.682731837077
SOY_01d038aa443a85,1620.8300784119417
SOY_ab8992ce50e955,1626.54792209588
SOY_87fb17d0be1e8b,1650.6005113640956
SOY_4549c28ea7635d,1633.7223224126865
SOY_e942be2f595f0e,1661.8929265887784
SOY_e5c6aeb03c5f65,1713.3440645976766
SOY_ef09c63dab4a96,1636.8671332452527
SOY_0688af520cec6d,1693.0797637569922
SOY_f86e2839d3d339,1695.1397541284896
SOY_78a955c020d151,1635.2828172589338
SOY_906cd9f1ba77af,1678.8970779905833
SOY_5d2e4d67350114,1717.4598423256232
SOY_8afb439279f385,1659.6355142108723
SOY_d26f3d7f0f52cb,1659.599513401256
SOY_db1aed0ae8fc04,1701.500983442926
SOY_b8fb50bf274048,1686.9143923210427
SOY_282c21c95393bb,1671.8673673645385
SOY_dfb9b3dcf04352,1658.3180450320642
SOY_db38fc7e66011a,1648.4019671521035
SOY_5f8c69e23c552a,1721.1620149223186
SOY_effb40c29179ef,1615.9099978992977
SOY_5d3e096450d30a,1611.9689282895397
SOY_d6e7a520b38e4a,1636.9474520971285
SOY_20652ab9379f08,1612.7213501104643
SOY_90a889bb24d18a,1616.7526767861466
SOY_6bf4bd01de706b,1713.8108206374488
SOY_38a15aec1202bd,1795.5727724104236
SOY_4e48d4034aa859,1615.6753551786242
SOY_2b55df797c8519,1610.85258830829
SOY_74c89d3343e36d,1907.9718188511365
SOY_a7c9d4a615acfd,1721.376038328197
SOY_27c2c5bf23cee4,1936.3157531401168
SOY_2dd97cbd79a991,1940.7659770390046
SOY_6170bb61591003,1919.2093693933984
SOY_96a2475b957ac5,1780.2193291949034
SOY_ca0666e27a52e1,1825.9084902228478
SOY_5f63146956d7e3,1855.884833926452
SOY_2b06b5c0309de9,1854.6374881973793
SOY_94cb67021f3256,2149.9924425054996
SOY_2e93aeedac6164,1990.1122957932112
SOY_a58f2c1bcbde44,2129.754550470535
SOY_397fb9ed88c8b4,2122.010985711321
SOY_7e62eab1a42566,1950.2086071791227
SOY_bcf72fa0c9e775,2090.980606129538
SOY_d11a7e5facb9c6,2142.605261670128
SOY_12493b451f9b23,2029.8976108054533
SOY_0f562a0648e9b4,2062.307516721829
SOY_7e5401015defbb,2093.6505255555658
SOY_86b9c767b6a4e7,2119.1017077466113
SOY_05694c34b6ec44,2127.330675930144
SOY_7680a076a3a169,2016.9745334540378
SOY_69833fb853fd6c,2055.5764065325807
SOY_171c7cb0879437,1843.3122436391018
SOY_ac052a3faaca70,1932.7064032256399
SOY_f1e3230fe672ed,1915.6012632877537
SOY_e2a9eb63bbf15d,1999.8961314028609
SOY_4b6008ddceb4df,2047.596941598657
SOY_5038cdd6458df0,1921.3789589180287
SOY_b777ee47cf8b9a,1883.5499653646134
SOY_dac187a29ac7b9,1313.8235605742902
SOY_aeb8bdcca70907,1325.0378017799203
SOY_11844cf5cb6087,1325.9171819558373
SOY_910849a7ae1513,1315.576690281879
SOY_c94e0c00d8a930,1268.6898216972968
SOY_e286f1d2c4962f,1301.6028049719314
SOY_3970eeb65cdf0d,1284.8376877662736
SOY_5ec62eb28e7857,1287.7042050127918
SOY_1f54fcea983213,1302.8740088753123
SOY_692e1a29e3cc49,1338.1511023235078
SOY_15eef268b777cc,1329.7353802490447
SOY_40d36ba5bcce1f,1348.1934563525438
SOY_838e7b692ab738,1288.4771233792478
SOY_ff5d5df0236dee,1292.198900337831
SOY_ba74a803c69c3a,1324.7354631690775
SOY_30f73eaf7fab81,1296.366026786813
SOY_9505770217ca67,1333.4525074286646
SOY_89a8317b870583,1303.66156751701
SOY_d551e84e958908,1331.0531007925726
SOY_52ff556854e6a5,1315.177171552672
SOY_b0729c13e39d52,1429.072444517054
SOY_cd4c39309cbbc0,1293.7999618567096
SOY_39708368c410f5,1280.5155174032125
SOY_00df23a5c75c85,1304.7852782201144
SOY_677fb0ed70fb6a,1289.892678160883
SOY_7dc4aeb73c926b,1282.7141981224536
SOY_f1d4ad1e9c463e,1425.7767854960175
SOY_3069763e67c8d1,1495.6054270353854
SOY_a2d476800819dd,1292.1326173392845
SOY_25ad2babc31026,1281.8574302677468
SOY_fc19c4b52a578a,1627.1751382568925
SOY_0d5b6fd468191b,1642.0048544481283
SOY_404ad83a9698c7,1638.302199659037
SOY_cbafb30615df1d,1622.7875871939368
SOY_fa55115b15ed77,1581.3431370279507
SOY_b7480f8500b510,1618.817660975295
SOY_98702078924dd8,1598.1396416464825
SOY_ed4e0f9a1cb941,1603.881591017158
SOY_a23f088ebfb851,1626.84729367954
SOY_bd8fcd6d3a9ee8,1642.2481801885622
SOY_b8496d66c0ad05,1636.5964724633072
SOY_4d94d321187a21,1662.6441758856317
SOY_4a44e96b01156d,1597.0291234133172
SOY_d55d96826f111f,1601.946632345071
SOY_719634f92e4b87,1627.9160032266873
SOY_4d7ad1a5a98b69,1602.424055554658
SOY_5231411ea04d1d,1648.517011805071
SOY_573caef6b3a170,1609.5074814802065
SOY_a3fb67da406907,1647.4296690917283
SOY_117353ee28bec2,1624.7832614452045
SOY_7375431ce9081a,1763.276948293071
SOY_8831c8695cd187,1631.533184109841
SOY_06c49556e31a7c,1632.1146091665296
SOY_6c52c7c2350662,1645.2480031984678
SOY_79ee262488b90e,1627.893328346232
SOY_c702f3fc392592,1631.0018358777857
SOY_ef9099d061af80,1759.4233904797406
SOY_ded5e7dc151c72,1837.7298346896225
SOY_18ac0bd7ef3a8c,1619.8558406249363
SOY_97c37c14984aaf,1632.2078229653869
SOY_5ecb27525dfdb2,2703.881120356912
SOY_2d02fc4d73f665,2534.74581832241
SOY_849d5370ee4d72,2775.638622650921
SOY_419ccb848ebba3,2568.7755619556583
SOY_caa82987cc0dbf,2757.6056899106215
SOY_bf2a83c92766d2,2726.9169771698753
SOY_ff9614b4ee0cf6,2590.0006185979782
SOY_f57e6e2d9fbd20,2545.30819367003
SOY_1ae6e3705011b1,2838.697260170433
SOY_a9bfee7ed759c7,2642.1261517404705
SOY_1022cd82132dec,2759.46463513589
SOY_7502507ade0750,2847.1954295803716
SOY_fdc225b7d8db2a,2846.873221580345
SOY_b48ac21bf352f9,2759.568337047564
SOY_4bc95514da9002,2644.578925918693
SOY_fcc7eae8c90fc0,2829.4640037615836
SOY_16739470e4f644,2805.5837399500538
SOY_efd0dcc0839fab,2833.343118523256
SOY_6dad98d7ad3f6f,2819.783813978377
SOY_6b25bd33a516dc,2363.7145678203437
SOY_c2a5ac2aebe3e1,2569.4559929535476
SOY_d8d0aa816d7681,2607.708344852005
SOY_5f6ef566636d45,2634.767148179738
SOY_1addaef72521ee,2666.8200326816213
SOY_7d223ac98c693e,2658.5995792907142
SOY_f20790e8bc8cf7,2645.978771682816
SOY_7a0dd5560c86e4,2702.351292708601
SOY_4ef83cc47af3c8,2675.912373682104
SOY_d5da9db0d6b3d3,1086.3338727164187
SOY_14074e6a36e83c,1081.0458787362143
SOY_1d222547256c59,1091.83350017976
SOY_1c9b1931af9f05,1098.725542060069
SOY_9c7a34d3f01672,1119.3522472512477
SOY_5b978d75444afd,1122.6117971030155
SOY_912d7397214f9c,1110.2941857636756
SOY_a51a7abbea6d86,1135.1036707572885
SOY_3cb2a7e15b0c5e,1135.5684573378494
SOY_5b124900a3adb7,1130.4478013673304
SOY_4060bbc9e53afb,1142.8949338883965
SOY_ebc485121579ab,1147.349058749311
SOY_65d642df586493,1163.6854920720448
SOY_fad75ca9e6c2fd,1140.4431486974147
SOY_c85d435bfc3b29,1142.4151019141364
SOY_ac130b116dce0e,1092.9225430583215
SOY_67433081b5c374,1074.5802135364167
SOY_60bf7e3c5ab868,1108.9180633164192
SOY_ac4c0cc7be6fbb,1115.8699366466828
SOY_d87f90e754daad,1087.106643933209
SOY_48acc707ba97c1,1106.481376354665
